ID,GroupID,Longname,Shortname
1,1,Royal Liverpool & Broadgreen University Hospital Trust ,Liverpool Royal
2,1,Aintree University Hospitals NHS Foundation Trust ,Liverpool Fazakerly (Aintree)
3,1,Alder Hey Children's NHS Foundation Trust,Liverpool Alder Hey
4,1,Southport & Ormskirk Hospital NHS Trust ,Southport & Ormskirk DGH
5,1,St Helens & Knowsley Teaching Hospitals NHS Trust,St Helens Hospital
6,1,Wirral University Teaching Hospital NHS Foundation Trust,Arrowe Park Hospital
7,1,Lancashire Teaching Hospital Trust,Royal Preston Hospital
8,1,East Lancashire Hospitals NHS Trust,Burnley General Hospital
9,1,"Blackpool, Fylde & Wyre Hospital NHS Trust",Blackpool Victoria Hospital
10,1,University Hospitals of Morcambe Bay NHS Foundation Trust ,Morcambe Bay
11,1,Warrington & Halton Hospital NHS Foundation Trust ,Warrington Hospital
12,1,Mid Cheshire Hospitals NHS Foundation Trust ,"Leighton Hospital, Crewe"
13,1,East Cheshire NHS Trust ,Macclesfield
14,1,Countess of Chester Hospital NHS Foundation Trust,Countess of Chester Hospital
15,1,Bolton NHS Foundation Trust,Royal Bolton Hospital
16,1,Pennine Care NHS Foundation Trust ,"Sale, Waterside Centre. Trafford"
17,1,Penine Care NHS Foundation Trust,Bury Community Eye Service 
18,1,Penine Acute Hospitals NHS Trust,Oldham & Rochdale
19,1,"Wrightington, Wigan & Leigh NHS Foundation Trust","Wigan Health Centre, Frog Lane"
20,1,Salford Royal NHS Foundation Trust,Salford Royal NHS Foundation Trust
21,1,Central Manchester University Hospitals NHS Foundation Trust,Manchester Royal Eye Hospital
22,1,Central Manchester University Hospitals NHS Foundation Trust/Childrens Community Services,Newton Heath Health Centre
23,1,Stockport NHS Foundation Trust,"Stepping Hill Hospital, Stockport"
24,1,North Cumbria University Hospitals NHS Trust ,Cumberland Infirmary
25,2,County Durham and Darlington Acute Hospitals NHS Trust,University Hospital of North Durham and Darlington Memorial Hospital
26,2,City Hospitals Sunderland NHS Trust,Sunderland Eye Infirmary
27,2,Newcastle Upon Tyne Hospitals NHS Trust,Royal Victoria Infirmary
28,2,South Tees Hospitals NHS Trust,"James Cook University Hospital, Middlesbrough"
29,3,Calderdale & Huddersfield NHS Foundation Trust,Huddersfield Royal Infirmary (Calderdale)
30,3,Leeds Teaching Hospitals NHS Trst,St James's University Hospital
31,3,Bradford Teaching Hospitals NHS Foundation Trust,Bradford Royal Infirmary
32,3,Hull and East Yorkshire Hospitals NHS Trust,Hull Royal Infirmary
33,3,Sheffield Teaching Hospitals NHS Foundation Trust,Royal Hallamshire Hospital
34,3,Northern Lincolnshire and Goole NHS Foundation Trust,Scunthorpe General Hospital
35,3,York Teaching Hospitals NHS Foundation Trust,
36,3,Doncaster and Bassetlaw Teaching Hospitals NHS Foundation Trust,Doncaster Royal Infirmary
37,4,United Lincolnshire Hospitals NHS Trust,Pilgrim Hospital Boston
38,4,United Lincolnshire Hospitals NHS Trust,Lincoln County Hospital
39,4,University Hospital of Leicester NHS Trust,Leicester Royal Infirmary
40,4,Nottingham University Hospitals NHS Trust,"Queens Medical Centre, Nottingham"
41,4,Derby Teaching Hospitals NHS Foundation Trust,Royal Derby Hospitals
42,4,Northampton General Hospital NHS Trust,Northampton General Hospital
43,4,Sherwood Forest Hospitals NHS Foundation Trust,King's Mill Hospital (Mansfield)
44,5,Heart of England NHS Foundation Trust,Birmingham Heartlands Hospital
45,5,Sandwell and West Birmingham Hospitals NHS Trust,Birmingham & Midland Eye Centre
46,5,The Dudley Group NHS Foundation Trust,Russells Hall Hospital
47,5,The Royal Wolverhampton NHS Trust,Wolverhampton Eye Infirmary
48,5,Birmingham Children's Hospital NHS Foundation Trust,Birmingham Children’s Hospital
49,5,University Hospitals Coventry and Warwickshire NHS Trust,University Hospital Coventry
50,5,Burton Hospitals NHS Fountation Trust ,"Queen's Hospital, Burton upon Trent"
51,5,University Hospital of North Midlands NHS Trust,Royal Stoke University Hospital/ North Staffordshire University
52,5,The Shrewsbury and Telford Hospital NHS Trust,Royal Shrewsbury Hospital
53,5,Worcester Acute Hospitals NHS Trust,Worcester Royal Hospital
54,6,Hinchingbrooke Healthcare NHS Trust,Hinchingbrooke Hospital
55,6,Cambridge University Hospitals NHS Foundation Trust,Addenbrookes Hospital
56,6,Peterborough and Stamford Hospitals NHS Foundation Trust,
57,6,James Paget University Hospitals NHS Foundation Trust,James Paget University Hospital
58,6,Norfolk & Norwich University Hospital NHS Foundation Trust,Norfolk & Norwich University Hospital
59,6,The Ipswich Hospital NHS Trust,Ipswich Hospital
60,6,West Suffolk Hospitals NHS Trust,West Suffolk Hospitalo (Bury St Edmunds)
61,6,Southend University Hospital NHS Foundation Trust,Southend Hospital
62,6,East Suffolk and North Essex NHS Foundation Trust,Essex County Hospital (Colchester)
63,6,"Barking, Havering and Redbridge University Hospitals NHS Trust","Queen's Hospital, Romford"
64,6,Mid Essex Hospital Services NHS Trust,Broomfield Hospital
65,6,Luton and Dunstable University Hospital NHS Foundation Trust,Luton & Dunstable University Hospital
66,7,Barts Health NHS Trust,Royal London Hospital
67,7,Kings College Hospital NHS Foundation Trust,Kings College Hospital
68,7,Guys and St Thomas' Hospital NHS Trust,St Thomas' Hospital
69,7,Imperial College Healthcare NHS Trust,Western Eye Hospital
70,7,Moorfields Eye Hospital NHS Foundation Trust,Moorfields Eye Hospital
71,7,Royal Free London NHS Foundation Trust,Royal Free Hospital
72,7,Kingston Hospital NHS Foundation Trust,Kingston Hospital
73,7,Barts Health NHS Trust,Whipps Cross Hospital
74,7,Chelsea and Westminster Healthcare NHS Fdn Trust,Chelsea and Westminster
75,8,Royal United Hospitals Bath NHS Foundation Trust,Royal United Hospital Bath
76,8,Taunton and Somerset NHS Foundation Trust,"Musgrove Park Hospital, Taunton"
77,8,The Royal Bournemouth and Christchurch Hospitals NHS Foundation Trust,Royal Bournemouth Hospital
78,8,Great Western Hospitals NHS Foundation Trust,The Great Western Hospital (Swindon)
79,8,Salisbury NHS Foundation Trust,Salisbury District Hospital
80,8,University Hospitals Bristol NHS Foundation Trust,Bristol Eye Hospital
81,8,Gloucestershire Hospitals NHS Foundation Trust,Cheltenham General Hospital & Gloucester Royal Infirmary
82,8,Royal Devon and Exeter NHS Foundation Trust,Royal Devon and Exeter Hospital
83,8,Plymouth Hospitals NHS Trust,"Royal Eye Infirmary, Plymouth"
84,8,South Devon Healthcare NHS Foundation Trust,Torbay Hospital
85,8,Dorset County Hospital NHS Foundation Trust,Royal Eye Infirmary
86,9,University Hospitals Southampton NHS Foundation Trust,Southampton General Hospital
87,9,Portsmouth Hospitals NHS Trust,The Queen Alexandra Hospital
88,9,Hampshire Hospitals NHS Foundation Trust,Basingstoke Hospital
89,9,Milton Keynes University Hospital NHS Foundation Trust,Milton Keynes Hospital
90,9,Bucks Healthcare NHS Trust,Stoke Mandeville Hospital
91,9,East Kent Hospitals University NHS Foundation Trust,Kent and Canterbury Hospital
92,9,Maidstone and Tunbridge Wells NHS Trust,Maidstone Hospital
93,9,Frimley Health Foundation Trust,Frimley Park Hospital
94,9,Royal Surrey County Hospital NHS Foundation Trust,Royal Surrey County Hospital (Guildford)
95,9,Epsom and St Helier NHS University Hospitals,Epsom Hospital/Sutton Hospital/St Helier Hospital
96,9,Royal Berkshire NHS Foundation Trust,"The Royal Berkshire Hospital, Reading"
97,9,East Sussex Healthcare NHS Trust,Eastbourne District General Hosiptal
98,9,Brighton and Sussex University Hospitals NHS Trust,Sussex Eye Hospital
99,9,Oxford University Hospitals NHS Trust,John Radcliffe Hospital/ Oxford Eye Hospital
100,9,Ashford and St Peter's Hospitals NHS Foundation Trust,Ashford and St Peter's Hospitals 
101,9,Western Sussex Hospitals NHS Foundation Trust,Southlands Hospital (Sheffield) and St Richards (Liverpool)
102,10,Betsi Cadwaladr University Health Board,Wrexham Maelor Hospital
103,10,Betsi Cadwaladr University Health Board,"Ysbyty Gwynedd Hospital, Bangor"
104,10,Betsi Cadwaladr University Health Board,Ysbyty Abergele Hospital & HM Stanley Hospital
105,10,Swansea Bay Health Board ,"Singleton Hospital, Swansea"
106,10,Cardiff & Vale University Health Board,University Hospital of Wales
107,10,Aneurin Bevan University Health Board,"Royal Gwent Hospital, Newport"
108,11,Belfast Health and Social Care Trust,"Royal Victoria Hospital, Belfast"
109,11,Northern Health and Social Care Trust,"Braid Valley Hospital, Ballymena"
110,11,Northern Health and Social Care Trust,?Causeway Hospital?
111,11,South Eastern Health and Social Care Trust,Ulster Hospital
112,11,Western Health and Social Care Trust,Altnagelvin Area Hospital
113,12,HSE.ie,Cavan Monaghan Hospital
114,12,HSE.ie,"University Hospital, Galway"
115,12,HSE.ie,Royal Victoria Eye and Ear Hospital Dublin
116,12,HSE.ie,"Beaumont Hospital, Dublin"
117,12,,Kilkenny HSE Community Services
118,13,NHS Grampian,Aberdeen Royal Infirmary
119,13,NHS Ayrshire and Arran,"Ayr - Ayr Hospital & Crosshouse Hospital, Kilmarnock"
120,13,NHS Tayside,Ninewells Hospital Dundee
121,13,NHS Lothian,"Princess Alexandra Eye Pavillion, Edinburgh"
122,13,NHS Greater Glasgow & Clyde,Gartnavel General Hospital
123,13,NHS Greater Glasgow & Clyde,"Royal Alexandra Hosp, Paisley"
124,13,NHS Greater Glasgow & Clyde,"Stobhill Hospital, Glasgow"
125,13,NHS Forth Valley,Stirling Community Hospital & Falkirk Community Hospital
126,13,NHS Lanarkshire,"Wishaw General Hospital, Lanarkshire/ Monklands/ Hairmyers"
127,13,Nhs Borders,Borders General Hospital
128,13,NHS Dumfries and Galloway,D And G Infirmary
129,13,NHS Fife,Victoria Infirmary and Queen Margarets Hospital
130,13,NHS Greater Glasgow & Clyde,Royal Hospital for Children
131,13,NHS HIghland,"Raigmore Hospital, Inverness"
132,14,,St Bernard's Hospital
133,15,,Dubai Moorfields
134,16,,General Hopspital
135,17,,Princess Elizabeth Hospital
